Driver Name,Nationality,Races,Points,Laps,Podium,Win,Pole,Fastest Lap,Titles
Lewis Hamilton,British,277,3973,15863,173,99,101,56,8
Michael Schumacher,German,308,1566,16824,155,91,68,21,7
Juan Fangio,Argentine,58,279.14,3387,35,24,29,0,5
Sebastian Vettel,German,269,3048,14739,122,53,57,38,4
Alain Prost,French,202,798.5,10540,106,51,33,0,4
Ayrton Senna,Brazilian,162,614,8236,80,41,65,0,3
Jackie Stewart,British,100,360,5225,43,27,17,0,3
Niki Lauda,Austrian,174,420.5,8217,54,25,24,0,3
Nelson Piquet,Brazilian,207,485.5,9872,60,23,24,0,3
Jack Brabham,Australian,129,261,6192,31,14,13,0,3
Fernando Alonso,Spanish,325,1937,17447,97,32,22,22,2
Jim Clark,British,73,274,3984,32,25,34,0,2
Mika Häkkinen,Finnish,165,420,7719,51,20,26,0,2
Graham Hill,British,179,289,8791,36,14,13,0,2
Emerson Fittipaldi,Brazilian,149,281,7291,35,14,6,0,2
Alberto Ascari,Italian,36,140,1821,17,13,14,0,2
Nigel Mansell,British,192,482,8750,59,31,32,0,1
Nico Rosberg,German,206,1594.5,11159,57,23,30,20,1
Damon Hill,British,122,360,5847,42,22,20,0,1
Kimi Raikkonen,Finnish,343,1865,18182,103,21,18,42,1
Jenson Button,British,309,1235,16274,50,15,8,8,1
Alan Jones,Australian,117,206,5555,24,12,6,0,1
Mario Andretti,American,129,180,5278,19,12,18,0,1
Jacques Villeneuve,Canadian,165,235,8314,23,11,13,0,1
Jody Scheckter,South African,113,255,6035,33,10,3,0,1
James Hunt,British,93,179,3924,23,10,14,0,1
Denny Hulme,New Zealander,112,248,6237,33,8,1,0,1
John Surtees,British,112,180,4992,24,6,8,0,1
Jochen Rindt,Austrian,62,109,2520,13,6,10,0,1
Nino Farina,Italian,37,127.33,1994,20,5,6,0,1
Keke Rosberg,Finnish,128,159.5,5306,17,5,5,0,1
Mike Hawthorn,British,48,127.64,2589,18,3,4,0,1
Phil Hill,American,52,98,2423,16,3,6,0,1
Stirling Moss,British,73,186.5,3612,24,16,17,0,0
Max Verstappen,Dutch,130,1349,6761,50,15,8,14,0
David Coulthard,British,247,535,12394,62,13,12,0,0
Carlos Reutemann,Argentine,146,310,6986,45,12,6,0,0
Rubens Barrichello,Brazilian,326,658,16642,68,11,14,6,0
Felipe Massa,Brazilian,271,1167,14852,41,11,16,15,0
Gerhard Berger,Austrian,210,385,9793,48,10,12,0,0
Ronnie Peterson,Swedish,123,206,5725,26,10,14,0,0
Valtteri Bottas,Finnish,168,1620,9545,62,9,17,17,0
Mark Webber,Australian,217,1047.5,10978,42,9,13,19,0
Jacky Ickx,Belgian,121,181,5663,25,8,13,0,0
Daniel Ricciardo,Australian,199,1209,10948,31,7,3,15,0
Juan Pablo Montoya,Colombian,95,307,4918,30,7,13,3,0
René Arnoux,French,164,181,6611,22,7,18,0,0
Riccardo Patrese,Italian,257,281,11345,37,6,8,0,0
Jacques Laffite,French,180,228,7996,32,6,7,0,0
Ralf Schumacher,German,180,329,9166,27,6,6,1,0
Gilles Villeneuve,Canadian,68,107,3282,13,6,2,0,0
Tony Brooks,British,41,75,1709,10,6,4,0,0
Clay Regazzoni,Swiss,138,212,6553,28,5,5,0,0
Michele Alboreto,Italian,215,186.5,8773,23,5,2,0,0
John Watson,British,154,169,7388,20,5,2,0,0
Bruce McLaren,New Zealander,103,196.5,5081,27,4,0,0,0
Eddie Irvine,British,147,191,6846,26,4,0,0,0
Dan Gurney,American,87,133,3678,19,4,3,0,0
Giancarlo Fisichella,Italian,231,275,11499,19,3,4,1,0
Heinz-Harald Frentzen,German,159,174,7341,18,3,2,0,0
Thierry Boutsen,Belgian,164,132,8044,15,3,1,0,0
Didier Pironi,French,72,101,3423,13,3,4,0,0
Peter Collins,British,37,47,1674,9,3,0,0,0
Johnny Herbert,British,165,98,7347,7,3,0,0,0
Patrick Depailler,French,95,141,4635,19,2,1,0,0
José Froilán González,Argentine,29,77.64,1500,15,2,3,0,0
Charles Leclerc,Monegasque,70,481,3583,13,2,9,4,0
Sergio Pérez,Mexican,204,810,11269,12,2,0,5,0
Patrick Tambay,French,122,103,4980,11,2,5,0,0
Maurice Trintignant,French,87,72.33,3749,10,2,1,0,0
Elio de Angelis,Italian,110,122,4752,9,2,3,0,0
Peter Revson,American,31,61,1567,8,2,1,0,0
Pedro Rodríguez,Mexican,54,71,2812,7,2,0,0,0
Jo Siffert,Swiss,100,68,4505,6,2,2,0,0
Wolfgang von Trips,German,28,56,1409,6,2,1,0,0
Jean-Pierre Jabouille,French,55,21,1666,2,2,6,0,0
Bill Vukovich,American,5,19,676,2,2,1,0,0
Jean Alesi,French,202,241,9656,32,1,2,0,0
Richie Ginther,American,54,107,2931,14,1,0,0,0
François Cevert,French,47,89,2370,13,1,0,0,0
Robert Kubica,Polish,97,274,5382,12,1,1,1,0
Jarno Trulli,Italian,256,246.5,12373,11,1,4,1,0
Alessandro Nannini,Italian,77,65,2935,9,1,0,0,0
Jochen Mass,German,114,71,4924,8,1,0,0,0
Jean-Pierre Beltoise,French,87,77,4069,8,1,0,0,0
Lorenzo Bandini,Italian,44,58,2261,8,1,1,0,0
Luigi Musso,Italian,26,45,1322,7,1,0,0,0
Carlos Pace,Brazilian,73,58,3242,6,1,1,0,0
Luigi Fagioli,Italian,8,32,423,6,1,1,0,0
Olivier Panis,French,158,76,7717,5,1,0,0,0
Piero Taruffi,Italian,18,41,798,5,1,0,0,0
Heikki Kovalainen,Finnish,112,105,5975,4,1,1,2,0
Gunnar Nilsson,Swedish,32,31,1316,4,1,0,0,0
Innes Ireland,British,55,47,2311,4,1,0,0,0
Jim Rathmann,American,12,29,2166,4,1,0,0,0
Sam Hanks,American,9,20,1502,4,1,0,0,0
Pierre Gasly,French,75,249,4053,3,1,0,2,0
Jimmy Bryan,American,9,18,1411,3,1,0,0,0
Rodger Ward,American,12,14,1350,2,1,0,0,0
Esteban Ocon,French,78,237,4111,2,1,0,0,0
Vittorio Brambilla,Italian,78,15.5,3019,1,1,1,0,0
Peter Gethin,British,30,11,1226,1,1,0,0,0
Jo Bonnier,Swedish,109,39,4764,1,1,1,0,0
Ludovico Scarfiotti,Italian,13,17,517,1,1,0,0,0
Giancarlo Baghetti,Italian,26,14,851,1,1,0,0,0
Troy Ruttman,American,9,9.5,822,1,1,0,0,0
Pat Flaherty,American,6,8,922,1,1,1,0,0
Johnnie Parsons,American,10,12,1504,1,1,0,0,0
Bob Sweikert,American,5,8,825,1,1,0,0,0
Lee Wallard,American,2,9,336,1,1,0,0,0
Pastor Maldonado,Venezuelan,96,76,4505,1,1,1,0,0
Nick Heidfeld,German,184,259,9699,13,0,1,2,0
Stefan Johansson,Swedish,103,88,3460,12,0,0,0,0
Chris Amon,New Zealander,106,83,4565,11,0,5,0,0
Romain Grosjean,French,181,391,8849,10,0,0,1,0
Martin Brundle,British,165,98,7522,9,0,0,0,0
Eddie Cheever,American,143,70,5490,9,0,0,0,0
Jean Behra,French,57,51,2484,9,0,0,0,0
Luigi Villoresi,Italian,35,49,1580,8,0,1,0,0
Andrea de Cesaris,Italian,214,59,7705,5,0,1,0,0
Derek Warwick,British,162,71,6376,4,0,0,0,0
Carlos Sainz,Spanish,130,455,6899,4,0,0,1,0
Lando Norris,British,49,259,2744,4,0,0,2,0
Timo Glock,German,95,51,4756,3,0,0,1,0
Alexander Wurz,Austrian,69,45,3471,3,0,0,0,0
Mark Blundell,British,63,32,2777,3,0,0,0,0
Ivan Capelli,Italian,98,31,3387,3,0,0,0,0
Jean-Pierre Jarier,French,143,31.5,5746,3,0,3,0,0
Tony Maggs,South African,27,26,1357,3,0,0,0,0
Masten Gregory,American,46,21,1701,3,0,0,0,0
Eugenio Castellotti,Italian,17,19.5,852,3,0,3,0,0
Daniil Kvyat,Russian,112,202,5828,3,0,0,1,0
Lance Stroll,Canadian,89,160,4802,3,0,1,0,0
Jos Verstappen,Dutch,107,17,4498,2,0,0,0,0
Mika Salo,Finnish,111,33,5442,2,0,0,0,0
Stefano Modena,Italian,81,17,3019,2,0,0,0,0
Teo Fabi,Italian,71,23,2194,2,0,3,0,0
Hans-Joachim Stuck,German,81,29,2761,2,0,0,0,0
Tom Pryce,British,42,19,1919,2,0,1,0,0
Jackie Oliver,British,51,13,1547,2,0,0,0,0
Mike Hailwood,British,51,29,2182,2,0,0,0,0
Piers Courage,British,29,20,1188,2,0,0,0,0
Mike Parkes,British,7,14,224,2,0,1,0,0
Peter Arundell,British,15,12,563,2,0,0,0,0
Roy Salvadori,British,51,19,1884,2,0,0,0,0
Olivier Gendebien,Belgian,17,18,702,2,0,0,0,0
Harry Schell,American,64,32,2810,2,0,0,0,0
Stuart Lewis-Evans,British,14,16,601,2,0,2,0,0
Cesare Perdisa,Italian,9,5,592,2,0,0,0,0
Umberto Maglioli,Italian,10,3.33,518,2,0,0,0,0
Robert Manzon,French,29,16,1001,2,0,0,0,0
Louis Rosier,French,39,18,1612,2,0,0,0,0
Karl Kling,German,12,17,583,2,0,0,0,0
Jack McGrath,American,6,9,985,2,0,1,0,0
Onofre Marimón,Argentine,12,8.14,458,2,0,0,0,0
Felice Bonetto,Italian,17,17.5,813,2,0,1,0,0
Rudi Fischer,Swiss,7,10,287,2,0,0,0,0
Alexander Albon,Thai,38,197,2239,2,0,0,0,0
Takuma Sato,Japanese,91,44,4484,1,0,0,0,0
Nelson Piquet Jr.,Brazilian,28,19,1267,1,0,0,0,0
Tiago Monteiro,Portuguese,37,7,2009,1,0,0,0,0
Pedro de la Rosa,Spanish,107,35,4519,1,0,0,1,0
Nicola Larini,Italian,75,7,2029,1,0,0,0,0
Gianni Morbidelli,Italian,70,8.5,2856,1,0,0,0,0
Aguri Suzuki,Japanese,88,8,2463,1,0,0,0,0
Roberto Moreno,Brazilian,74,15,1746,1,0,0,0,0
Éric Bernard,French,47,10,1969,1,0,0,0,0
Jyrki Järvilehto,Finnish,70,10,2802,1,0,0,0,0
Michael Andretti,American,13,7,427,1,0,0,0,0
Maurício Gugelmin,Brazilian,80,10,3040,1,0,0,0,0
Bruno Giacomelli,Italian,82,14,2695,1,0,1,0,0
Kamui Kobayashi,Japanese,76,125,3557,1,0,0,1,0
Philippe Streiff,French,54,11,2364,1,0,0,0,0
Rolf Stommelen,German,61,14,2452,1,0,0,0,0
Henri Pescarolo,French,59,12,2730,1,0,0,0,0
Mark Donohue,American,15,8,672,1,0,0,0,0
Brian Redman,British,13,8,506,1,0,0,0,0
Tim Schenken,Australian,36,7,1426,1,0,0,0,0
Reine Wisell,Swedish,23,13,964,1,0,0,0,0
George Follmer,American,12,5,534,1,0,0,0,0
John Love,Rhodesian,10,6,545,1,0,0,0,0
Johnny Servoz-Gavin,French,12,9,601,1,0,0,0,0
Richard Attwood,British,17,11,872,1,0,0,0,0
Mike Spence,British,36,27,1712,1,0,1,0,0
Lucien Bianchi,Belgian,19,6,554,1,0,0,0,0
Bob Anderson,British,26,8,1371,1,0,0,0,0
Trevor Taylor,British,29,8,1017,1,0,0,0,0
Willy Mairesse,Belgian,12,7,379,1,0,0,0,0
Cliff Allison,British,18,11,690,1,0,0,0,0
Hans Herrmann,German,20,10,706,1,0,0,0,0
Carlos Menditeguy,Argentine,12,9,541,1,0,0,0,0
Paul Goldsmith,American,3,6,400,1,0,0,0,0
Johnny Thomson,American,9,10,1210,1,0,1,0,0
Duane Carter,American,10,6.5,1800,1,0,0,0,0
Don Freeland,American,8,4,1311,1,0,0,0,0
Tony Bettenhausen,American,13,11,2014,1,0,0,0,0
Johnny Boyd,American,6,4,765,1,0,0,0,0
Ron Flockhart,British,15,5,525,1,0,0,0,0
Paul Russo,American,9,8.5,1367,1,0,0,0,0
Louis Chiron,Monegasque,17,4,602,1,0,0,0,0
George Amick,American,1,6,200,1,0,0,0,0
Alfonso de Portago,Spanish,6,4,330,1,0,0,0,0
Paul Frère,Belgian,11,11,307,1,0,0,0,0
Jimmy Davies,American,6,4,1022,1,0,0,0,0
Art Cross,American,4,8,768,1,0,0,0,0
Mike Nazaruk,American,3,8,546,1,0,0,0,0
Manny Ayulo,American,4,2,765,1,0,0,0,0
Reg Parnell,British,7,9,344,1,0,0,0,0
Peter Whitehead,British,12,4,435,1,0,0,0,0
Bill Holland,American,2,6,314,1,0,0,0,0
Mauri Rose,American,2,4,263,1,0,0,0,0
Dorino Serafini,Italian,1,3,80,1,0,0,0,0
Vitaly Petrov,Russian,58,64,2992,1,0,0,1,0
Kevin Magnussen,Danish,120,158,6364,1,0,0,2,0
Kazuki Nakajima,Japanese,36,9,1972,0,0,0,0,0
Sébastien Bourdais,French,27,6,1279,0,0,0,0,0
Adrian Sutil,German,128,124,6022,0,0,0,1,0
Anthony Davidson,British,24,0,1061,0,0,0,0,0
Vitantonio Liuzzi,Italian,81,26,3801,0,0,0,0,0
Scott Speed,American,28,0,1285,0,0,0,0,0
Christijan Albers,Dutch,46,4,2193,0,0,0,0,0
Markus Winkelhock,German,1,0,13,0,0,0,0,0
Sakon Yamamoto,Japanese,21,0,820,0,0,0,0,0
Christian Klien,Austrian,51,14,2331,0,0,0,0,0
Yuji Ide,Japanese,4,0,145,0,0,0,0,0
Franck Montagny,French,7,0,240,0,0,0,0,0
Robert Doornbos,Dutch,11,0,553,0,0,0,0,0
Narain Karthikeyan,Indian,48,5,2244,0,0,0,0,0
Patrick Friesacher,Austrian,11,3,414,0,0,0,0,0
Ricardo Zonta,Brazilian,38,3,1716,0,0,0,0,0
Antônio Pizzonia,Brazilian,20,8,856,0,0,0,0,0
Cristiano da Matta,Brazilian,28,13,1484,0,0,0,0,0
Giorgio Pantano,Italian,14,0,549,0,0,0,0,0
Gianmaria Bruni,Italian,18,0,737,0,0,0,0,0
Zsolt Baumgartner,Hungarian,20,1,959,0,0,0,0,0
Marc Gené,Spanish,36,5,1738,0,0,0,0,0
Justin Wilson,British,16,1,671,0,0,0,0,0
Ralph Firman,Irish,14,1,640,0,0,0,0,0
Nicolas Kiesa,Danish,5,0,298,0,0,0,0,0
Luciano Burti,Brazilian,15,0,668,0,0,0,0,0
Tarso Marques,Brazilian,26,0,931,0,0,0,0,0
Enrique Bernoldi,Brazilian,29,0,941,0,0,0,0,0
Gastón Mazzacane,Argentine,21,0,1047,0,0,0,0,0
Tomáš Enge,Czech,3,0,166,0,0,0,0,0
Alex Yoong,Malaysian,16,0,645,0,0,0,0,0
Pedro Diniz,Brazilian,99,10,3839,0,0,0,0,0
Allan McNish,British,17,0,638,0,0,0,0,0
Sébastien Buemi,Swiss,55,29,2612,0,0,0,0,0
Toranosuke Takagi,Japanese,32,0,1274,0,0,0,0,0
Luca Badoer,Italian,58,0,2364,0,0,0,0,0
Alessandro Zanardi,Italian,44,1,1574,0,0,0,0,0
Stéphane Sarrazin,French,1,0,31,0,0,0,0,0
Ricardo Rosset,Brazilian,30,0,1076,0,0,0,0,0
Esteban Tuero,Argentine,16,0,613,0,0,0,0,0
Shinji Nakano,Japanese,33,2,1493,0,0,0,0,0
Jan Magnussen,Danish,25,1,925,0,0,0,0,0
Ukyo Katayama,Japanese,97,5,3508,0,0,0,0,0
Vincenzo Sospiri,Italian,1,0,0,0,0,0,0,0
Norberto Fontana,Argentine,4,0,210,0,0,0,0,0
Pedro Lamy,Portuguese,32,1,1423,0,0,0,0,0
Andrea Montermini,Italian,28,0,581,0,0,0,0,0
Giovanni Lavaggi,Italian,10,0,204,0,0,0,0,0
Taki Inoue,Japanese,18,0,544,0,0,0,0,0
Karl Wendlinger,Austrian,42,14,1670,0,0,0,0,0
Bertrand Gachot,Belgian,84,5,1793,0,0,0,0,0
Domenico Schiattarella,Italian,7,0,261,0,0,0,0,0
Pierluigi Martini,Italian,123,18,4869,0,0,0,0,0
Jean-Christophe Boullion,French,11,3,535,0,0,0,0,0
Massimiliano Papis,Italian,7,0,209,0,0,0,0,0
Jean-Denis Délétraz,Swiss,3,0,130,0,0,0,0,0
Gabriele Tarquini,Italian,78,1,1495,0,0,0,0,0
Érik Comas,French,63,7,2805,0,0,0,0,0
David Brabham,Australian,30,0,940,0,0,0,0,0
Christian Fittipaldi,Brazilian,43,12,2141,0,0,0,0,0
Olivier Beretta,Monegasque,10,0,379,0,0,0,0,0
Roland Ratzenberger,Austrian,3,0,78,0,0,0,0,0
Paul Belmondo,French,27,0,355,0,0,0,0,0
Jean-Marc Gounon,French,9,0,362,0,0,0,0,0
Philippe Alliot,French,115,7,4249,0,0,0,0,0
Philippe Adams,Belgian,2,0,82,0,0,0,0,0
Yannick Dalmas,French,50,0,1157,0,0,0,0,0
Hideki Noda,Japanese,3,0,28,0,0,0,0,0
Franck Lagorce,French,2,0,89,0,0,0,0,0
Fabrizio Barbazza,Italian,20,2,315,0,0,0,0,0
Marco Apicella,Italian,1,0,0,0,0,0,0,0
Emanuele Naspetti,Italian,6,0,242,0,0,0,0,0
Toshio Suzuki,Japanese,2,0,125,0,0,0,0,0
Eric van de Poele,Belgian,29,0,170,0,0,0,0,0
Olivier Grouillard,French,62,1,1493,0,0,0,0,0
Andrea Chiesa,Swiss,10,0,59,0,0,0,0,0
Giovanna Amati,Italian,3,0,0,0,0,0,0,0
Alex Caffi,Italian,75,6,2313,0,0,0,0,0
Enrico Bertaggia,Italian,6,0,0,0,0,0,0,0
Perry McCarthy,British,7,0,0,0,0,0,0,0
Jan Lammers,Dutch,41,0,1027,0,0,0,0,0
Satoru Nakajima,Japanese,80,16,3078,0,0,0,0,0
Emanuele Pirro,Italian,40,3,1368,0,0,0,0,0
Julian Bailey,British,20,1,326,0,0,0,0,0
Pedro Chaves,Portuguese,13,0,0,0,0,0,0,0
Michael Bartels,German,4,0,0,0,0,0,0,0
Naoki Hattori,Japanese,2,0,0,0,0,0,0,0
Bernd Schneider,German,32,0,301,0,0,0,0,0
Paolo Barilla,Italian,15,0,406,0,0,0,0,0
Gregor Foitek,Swiss,22,0,299,0,0,0,0,0
Claudio Langes,Italian,14,0,0,0,0,0,0,0
Gary Brabham,Australian,2,0,0,0,0,0,0,0
Martin Donnelly,British,15,0,586,0,0,0,0,0
Jaime Alguersuari,Spanish,46,31,2380,0,0,0,0,0
Jonathan Palmer,British,88,14,3649,0,0,0,0,0
Christian Danner,German,47,4,1377,0,0,0,0,0
Luis Pérez-Sala,Spanish,32,1,1179,0,0,0,0,0
Piercarlo Ghinzani,Italian,111,2,2224,0,0,0,0,0
Volker Weidler,German,10,0,0,0,0,0,0,0
Pierre-Henri Raphanel,French,17,0,19,0,0,0,0,0
Joachim Winkelhock,German,7,0,0,0,0,0,0,0
Oscar Larrauri,Argentine,21,0,229,0,0,0,0,0
Adrián Campos,Spanish,21,0,433,0,0,0,0,0
Jean-Louis Schlesser,French,2,0,49,0,0,0,0,0
Pascal Fabre,French,12,0,544,0,0,0,0,0
Franco Forini,Swiss,2,0,59,0,0,0,0,0
Johnny Dumfries,British,16,3,661,0,0,0,0,0
Marc Surer,Swiss,88,17,3968,0,0,0,0,0
Huub Rothengatter,Dutch,28,0,853,0,0,0,0,0
Allen Berg,Canadian,9,0,285,0,0,0,0,0
Manfred Winkelhock,German,55,2,1633,0,0,0,0,0
François Hesnault,French,20,0,464,0,0,0,0,0
Mauro Baldi,Italian,41,5,1489,0,0,0,0,0
Stefan Bellof,German,22,4,936,0,0,0,0,0
Kenny Acheson,British,9,0,101,0,0,0,0,0
Johnny Cecotto,Venezuelan,23,1,617,0,0,0,0,0
Jo Gartner,Austrian,8,0,305,0,0,0,0,0
Corrado Fabi,Italian,18,0,421,0,0,0,0,0
Mike Thackwell,New Zealander,5,0,29,0,0,0,0,0
Chico Serra,Brazilian,32,1,831,0,0,0,0,0
Danny Sullivan,American,15,2,678,0,0,0,0,0
Eliseo Salazar,Chilean,37,3,882,0,0,0,0,0
Roberto Guerrero,Colombian,29,0,613,0,0,0,0,0
Raul Boesel,Brazilian,30,0,1028,0,0,0,0,0
Jacques Villeneuve Sr.,Canadian,3,0,0,0,0,0,0,0
Slim Borgudd,Swedish,15,1,522,0,0,0,0,0
Riccardo Paletti,Italian,8,0,7,0,0,0,0,0
Brian Henton,British,37,0,913,0,0,0,0,0
Derek Daly,Irish,64,15,2231,0,0,0,0,0
Emilio de Villota,Spanish,14,0,120,0,0,0,0,0
Geoff Lees,British,12,0,187,0,0,0,0,0
Tommy Byrne,Irish,5,0,67,0,0,0,0,0
Rupert Keegan,British,37,0,1028,0,0,0,0,0
Hector Rebaque,Mexican,58,13,1724,0,0,0,0,0
Beppe Gabbiani,Italian,17,0,79,0,0,0,0,0
Kevin Cogan,American,2,0,0,0,0,0,0,0
Miguel Ángel Guerra,Argentine,4,0,0,0,0,0,0,0
Siegfried Stohr,Italian,13,0,277,0,0,0,0,0
Ricardo Zunino,Argentine,11,0,373,0,0,0,0,0
Ricardo Londoño,Colombian,1,0,0,0,0,0,0,0
Giorgio Francia,Italian,2,0,0,0,0,0,0,0
Dave Kennedy,Irish,7,0,0,0,0,0,0,0
Stephen South,British,1,0,0,0,0,0,0,0
Tiff Needell,British,2,0,12,0,0,0,0,0
Desiré Wilson,South African,1,0,0,0,0,0,0,0
Harald Ertl,Austrian,29,0,815,0,0,0,0,0
Arturo Merzario,Italian,84,11,1965,0,0,0,0,0
Gianfranco Brancatelli,Italian,3,0,0,0,0,0,0,0
Patrick Gaillard,French,5,0,107,0,0,0,0,0
Alex Ribeiro,Brazilian,20,0,514,0,0,0,0,0
Brett Lunger,American,42,0,1713,0,0,0,0,0
Danny Ongais,American,6,0,132,0,0,0,0,0
Lamberto Leoni,Italian,5,0,28,0,0,0,0,0
Divina Galica,British,3,0,0,0,0,0,0,0
Alberto Colombo,Italian,3,0,0,0,0,0,0,0
Tony Trimmer,British,6,0,0,0,0,0,0,0
Hans Binder,Austrian,15,0,629,0,0,0,0,0
Michael Bleekemolen,Dutch,5,0,43,0,0,0,0,0
Carlo Franchi,Italian,1,0,0,0,0,0,0,0
Bobby Rahal,American,2,0,74,0,0,0,0,0
Ian Scheckter,South African,20,0,676,0,0,0,0,0
Ingo Hoffmann,Brazilian,6,0,99,0,0,0,0,0
Renzo Zorzi,Italian,7,1,199,0,0,0,0,0
Larry Perkins,Australian,15,0,461,0,0,0,0,0
Boy Lunger,Dutch,7,0,159,0,0,0,0,0
Patrick Nève,Belgian,13,0,567,0,0,0,0,0
David Purley,British,11,0,248,0,0,0,0,0
Conny Andersson,Swedish,5,0,9,0,0,0,0,0
Bernard de Dryver,Belgian,1,0,0,0,0,0,0,0
Mikko Kozarowitzky,Finnish,2,0,0,0,0,0,0,0
Andy Sutcliffe,British,1,0,0,0,0,0,0,0
Guy Edwards,British,16,0,543,0,0,0,0,0
Brian McGuire,Australian,1,0,0,0,0,0,0,0
Vern Schuppan,Australian,12,0,447,0,0,0,0,0
Hans Heyer,German,1,0,9,0,0,0,0,0
Teddy Pilette,Belgian,4,0,81,0,0,0,0,0
Ian Ashley,British,11,0,116,0,0,0,0,0
Loris Kessel,Swiss,6,0,112,0,0,0,0,0
Kunimitsu Takahashi,Japanese,1,0,71,0,0,0,0,0
Kazuyoshi Hoshino,Japanese,2,0,98,0,0,0,0,0
Noritake Takahara,Japanese,2,0,71,0,0,0,0,0
Lella Lombardi,Italian,17,0.5,363,0,0,0,0,0
Bob Evans,British,12,0,407,0,0,0,0,0
Michel Leclère,French,8,0,371,0,0,0,0,0
Emilio Zapico,Spanish,1,0,0,0,0,0,0,0
Jac Nelleman,Danish,1,0,0,0,0,0,0,0
Damien Magee,British,2,0,78,0,0,0,0,0
Mike Wilds,British,8,0,96,0,0,0,0,0
Alessandro Pesenti-Rossi,Italian,4,0,113,0,0,0,0,0
Otto Stuppacher,Austrian,3,0,0,0,0,0,0,0
Warwick Brown,Australian,1,0,54,0,0,0,0,0
Masahiro Hasemi,Japanese,1,0,66,0,0,0,0,0
Wilson Fittipaldi,Brazilian,38,3,1439,0,0,0,0,0
Guy Tunmer,South African,1,0,76,0,0,0,0,0
Eddie Keizan,South African,3,0,219,0,0,0,0,0
Dave Charlton,South African,13,0,348,0,0,0,0,0
Tony Brise,British,10,1,347,0,0,0,0,0
Roelof Wunderink,Dutch,6,0,86,0,0,0,0,0
François Migault,French,15,0,547,0,0,0,0,0
Torsten Palm,Swedish,2,0,78,0,0,0,0,0
Gijs van Lennep,Dutch,9,2,421,0,0,0,0,0
Hiroshi Fushida,Japanese,2,0,0,0,0,0,0,0
John Nicholson,New Zealander,2,0,51,0,0,0,0,0
Dave Morgan,British,1,0,50,0,0,0,0,0
Jim Crawford,British,2,0,74,0,0,0,0,0
Jo Vonlanthen,Swiss,1,0,14,0,0,0,0,0
Howden Ganley,New Zealander,39,10,1850,0,0,0,0,0
Richard Robarts,British,4,0,140,0,0,0,0,0
Paddy Driver,South African,2,0,6,0,0,0,0,0
Tom Belsø,Danish,4,0,79,0,0,0,0,0
Rikky von Opel,Liechtensteiner,13,0,439,0,0,0,0,0
Gérard Larrousse,French,2,0,53,0,0,0,0,0
Leo Kinnunen,Finnish,6,0,8,0,0,0,0,0
Bertil Roos,Swedish,1,0,2,0,0,0,0,0
José Dolhem,French,3,0,25,0,0,0,0,0
Derek Bell,British,14,1,180,0,0,0,0,0
David Hobbs,British,7,0,379,0,0,0,0,0
Dieter Quester,Austrian,1,0,51,0,0,0,0,0
Helmuth Koinigg,Austrian,3,0,87,0,0,0,0,0
Carlo Facetti,Italian,1,0,0,0,0,0,0,0
Eppie Wietzes,Canadian,2,0,102,0,0,0,0,0
Mike Beuttler,British,29,0,1168,0,0,0,0,0
Nanni Galli,Italian,17,0,499,0,0,0,0,0
Luiz Bueno,Brazilian,1,0,36,0,0,0,0,0
Andrea de Adamich,Italian,36,6,1240,0,0,0,0,0
Jackie Pretorius,South African,4,0,128,0,0,0,0,0
Roger Williamson,British,2,0,7,0,0,0,0,0
Graham McRae,New Zealander,1,0,0,0,0,0,0,0
Helmut Marko,Austrian,9,0,509,0,0,0,0,0
David Walker,Australian,11,0,481,0,0,0,0,0
Alex Soler-Roig,Spanish,9,0,119,0,0,0,0,0
Skip Barber,American,6,0,206,0,0,0,0,0
Bill Brack,Canadian,3,0,118,0,0,0,0,0
Sam Posey,American,2,0,72,0,0,0,0,0
François Mazet,French,1,0,50,0,0,0,0,0
Max Jean,French,1,0,46,0,0,0,0,0
Vic Elford,British,13,8,594,0,0,0,0,0
Silvio Moser,Swiss,18,3,458,0,0,0,0,0
George Eaton,Canadian,13,0,445,0,0,0,0,0
Pete Lovely,American,11,0,410,0,0,0,0,0
Chris Craft,British,2,0,30,0,0,0,0,0
John Cannon,Canadian,1,0,56,0,0,0,0,0
John Miles,British,15,2,373,0,0,0,0,0
Peter de Klerk,South African,4,0,274,0,0,0,0,0
Ignazio Giunti,Italian,4,3,136,0,0,0,0,0
Hubert Hahne,German,3,0,20,0,0,0,0,0
Gus Hutchison,American,1,0,21,0,0,0,0,0
Peter Westbury,British,1,0,0,0,0,0,0,0
Sam Tingle,Rhodesian,6,0,239,0,0,0,0,0
Basil van Rooyen,South African,2,0,34,0,0,0,0,0
Al Pease,Canadian,2,0,69,0,0,0,0,0
John Cordts,Canadian,1,0,10,0,0,0,0,0
Jo Schlesser,French,2,0,4,0,0,0,0,0
Robin Widdows,British,1,0,34,0,0,0,0,0
Kurt Ahrens,German,2,0,17,0,0,0,0,0
Frank Gardner,Australian,9,0,307,0,0,0,0,0
Bobby Unser,American,1,0,35,0,0,0,0,0
Moisés Solana,Mexican,8,0,312,0,0,0,0,0
Luki Botha,South African,1,0,60,0,0,0,0,0
Chris Irwin,British,10,2,441,0,0,0,0,0
Guy Ligier,French,13,1,593,0,0,0,0,0
Alan Rees,British,2,0,91,0,0,0,0,0
Brian Hart,British,1,0,12,0,0,0,0,0
Mike Fisher,American,2,0,81,0,0,0,0,0
Tom Jones,American,1,0,0,0,0,0,0,0
Jonathan Williams,British,1,0,63,0,0,0,0,0
Bob Bondurant,American,9,3,403,0,0,0,0,0
Vic Wilson,British,2,0,23,0,0,0,0,0
John Taylor,British,5,1,261,0,0,0,0,0
Chris Lawrence,British,2,0,83,0,0,0,0,0
Giacomo Russo,Italian,3,0,100,0,0,0,0,0
Ronnie Bucknum,American,11,2,421,0,0,0,0,0
Paul Hawkins,Australian,3,0,163,0,0,0,0,0
David Prophet,British,2,0,120,0,0,0,0,0
Trevor Blokdyk,South African,2,0,77,0,0,0,0,0
Neville Lederle,South African,3,1,78,0,0,0,0,0
Doug Serrurier,South African,3,0,140,0,0,0,0,0
Brausch Niemann,South African,2,0,66,0,0,0,0,0
Ernie Pieterse,South African,3,0,74,0,0,0,0,0
Clive Puzey,Rhodesian,1,0,0,0,0,0,0,0
Ray Reed,South African,1,0,0,0,0,0,0,0
David Clapham,South African,1,0,0,0,0,0,0,0
Alex Blignaut,South African,1,0,0,0,0,0,0,0
John Rhodes,British,1,0,38,0,0,0,0,0
Ian Raby,British,7,0,169,0,0,0,0,0
Alan Rollinson,British,1,0,0,0,0,0,0,0
Brian Gubby,British,1,0,0,0,0,0,0,0
Gerhard Mitter,German,5,3,39,0,0,0,0,0
Roberto Bussinello,Italian,4,0,59,0,0,0,0,0
Nino Vaccarella,Italian,5,0,169,0,0,0,0,0
Giorgio Bassi,Italian,1,0,8,0,0,0,0,0
Bernard Collomb,French,6,0,29,0,0,0,0,0
André Pilette,Belgian,15,2,370,0,0,0,0,0
Carel Godin de Beaufort,Dutch,31,4,1351,0,0,0,0,0
Edgar Barth,German,7,0,98,0,0,0,0,0
Mário de Araújo Cabral,Portuguese,5,0,125,0,0,0,0,0
Walt Hansgen,American,4,2,121,0,0,0,0,0
Hap Sharp,American,6,0,376,0,0,0,0,0
John Campbell-Jones,British,5,0,90,0,0,0,0,0
Ian Burgess,British,26,0,597,0,0,0,0,0
Tony Settember,American,10,0,144,0,0,0,0,0
Nasif Estéfano,Argentine,5,0,70,0,0,0,0,0
Jim Hall,American,12,3,622,0,0,0,0,0
Tim Parnell,British,4,0,52,0,0,0,0,0
Kurt Kuhnke,German,2,0,0,0,0,0,0,0
Ernesto Brambilla,Italian,1,0,0,0,0,0,0,0
Roberto Lippi,Italian,3,0,1,0,0,0,0,0
Günther Seiffert,German,2,0,0,0,0,0,0,0
Carlo Abate,Italian,2,0,0,0,0,0,0,0
Gaetano Starrabba,Italian,2,0,19,0,0,0,0,0
Peter Broeker,Canadian,1,0,88,0,0,0,0,0
Ernie de Vos,Dutch,1,0,0,0,0,0,0,0
Frank Dochnal,American,1,0,0,0,0,0,0,0
Thomas Monarch,American,1,0,0,0,0,0,0,0
Jackie Lewis,British,11,3,278,0,0,0,0,0
Ricardo Rodríguez,Mexican,6,4,196,0,0,0,0,0
Wolfgang Seidel,German,13,0,211,0,0,0,0,0
Ben Pon,Dutch,1,0,2,0,0,0,0,0
Rob Slotemaker,Dutch,1,0,0,0,0,0,0,0
Tony Marsh,British,9,0,70,0,0,0,0,0
Gerry Ashmore,British,5,0,20,0,0,0,0,0
Heinz Schiller,Swiss,2,0,4,0,0,0,0,0
Colin Davis,British,3,0,75,0,0,0,0,0
Jay Chamberlain,American,3,0,64,0,0,0,0,0
Tony Shelly,New Zealander,3,0,6,0,0,0,0,0
Keith Greene,British,7,0,88,0,0,0,0,0
Heini Walter,Swiss,1,0,14,0,0,0,0,0
Ernesto Prinoth,Italian,2,0,0,0,0,0,0,0
Roger Penske,American,2,0,192,0,0,0,0,0
Rob Schroeder,British,1,0,93,0,0,0,0,0
Timmy Mayer,American,1,0,31,0,0,0,0,0
Bruce Johnstone,South African,1,0,76,0,0,0,0,0
Mike Harris,South African,1,0,31,0,0,0,0,0
Gary Hocking,Rhodesian,1,0,0,0,0,0,0,0
Syd van der Vyver,South African,1,0,0,0,0,0,0,0
Michael May,Swiss,4,0,90,0,0,0,0,0
Henry Taylor,British,10,3,431,0,0,0,0,0
Giorgio Scarlatti,Italian,15,1,427,0,0,0,0,0
Brian Naylor,British,9,0,178,0,0,0,0,0
Juan Manuel Bordeu,Argentine,1,0,0,0,0,0,0,0
Jack Fairman,British,13,5,527,0,0,0,0,0
Massimo Natili,Italian,2,0,0,0,0,0,0,0
Peter Monteverdi,Swiss,1,0,0,0,0,0,0,0
Renato Pirocchi,Italian,2,0,38,0,0,0,0,0
Geoff Duke,British,1,0,0,0,0,0,0,0
Alfonso Thiele,American-Italian,2,0,32,0,0,0,0,0
Menato Boffa,Italian,1,0,0,0,0,0,0,0
Peter Ryan,Canadian,1,0,96,0,0,0,0,0
Lloyd Ruby,American,2,0,276,0,0,0,0,0
Ken Miles,British,1,0,0,0,0,0,0,0
Alberto Rodriguez Larreta,Argentine,1,0,77,0,0,0,0,0
Roberto Bonomi,Argentine,1,0,76,0,0,0,0,0
Gino Munaron,Italian,4,0,185,0,0,0,0,0
Alan Stacey,British,7,0,220,0,0,0,0,0
Ettore Chimeri,Venezuelan,1,0,23,0,0,0,0,0
Antonio Creus,Spanish,1,0,16,0,0,0,0,0
Chris Bristow,British,4,0,115,0,0,0,0,0
Bruce Halford,British,9,0,176,0,0,0,0,0
Chuck Daigh,American,6,0,144,0,0,0,0,0
Lance Reventlow,American,4,0,1,0,0,0,0,0
Don Branson,American,2,3,312,0,0,0,0,0
Eddie Johnson,American,9,1,1649,0,0,0,0,0
Bob Veith,American,5,0,801,0,0,0,0,0
Bud Tingelstad,American,1,0,200,0,0,0,0,0
Bob Christie,American,5,0,891,0,0,0,0,0
Red Amick,American,2,0,245,0,0,0,0,0
Bill Homeier,American,3,1,474,0,0,0,0,0
Gene Hartley,American,9,0,1402,0,0,0,0,0
Chuck Stevenson,American,7,0,1020,0,0,0,0,0
Bobby Grim,American,2,0,279,0,0,0,0,0
Shorty Templeman,American,3,0,449,0,0,0,0,0
Jim Hurtubise,American,1,0,185,0,0,0,0,0
Eddie Sachs,American,4,0,487,0,0,1,0,0
Wayne Weiler,American,1,0,103,0,0,0,0,0
Anthony Foyt,American,3,0,438,0,0,0,0,0
Eddie Russo,American,4,0,362,0,0,0,0,0
Gene Force,American,2,0,216,0,0,0,0,0
Jim McWithey,American,2,0,260,0,0,0,0,0
Len Sutton,American,3,0,81,0,0,0,0,0
Dick Rathmann,American,5,2,417,0,0,1,0,0
Al Herman,American,5,0,619,0,0,0,0,0
Dempsey Wilson,American,2,0,162,0,0,0,0,0
Mike Taylor,British,2,0,17,0,0,0,0,0
David Piper,British,3,0,91,0,0,0,0,0
Giulio Cabianca,Italian,4,3,163,0,0,0,0,0
Piero Drogo,Italian,1,0,45,0,0,0,0,0
Fred Gamble,American,1,0,41,0,0,0,0,0
Arthur Owen,British,1,0,0,0,0,0,0,0
Horace Gould,British,18,2,472,0,0,0,0,0
Bob Drake,American,1,0,68,0,0,0,0,0
Ivor Bueb,British,6,0,219,0,0,0,0,0
Alain de Changy,Belgian,1,0,0,0,0,0,0,0
Maria de Filippis,Italian,5,0,85,0,0,0,0,0
Jean Lucienbonnet,French,1,0,0,0,0,0,0,0
André Testut,Monegasque,2,0,0,0,0,0,0,0
Jimmy Daywalt,American,7,0,1063,0,0,0,0,0
Chuck Arnold,American,1,0,200,0,0,0,0,0
Al Keller,American,5,0,687,0,0,0,0,0
Bill Cheesbourg,American,3,0,428,0,0,0,0,0
Ray Crawford,American,3,0,275,0,0,0,0,0
Jack Turner,American,4,0,399,0,0,0,0,0
Chuck Weyant,American,4,0,475,0,0,0,0,0
Jud Larson,American,2,0,245,0,0,0,0,0
Mike Magill,American,3,0,282,0,0,0,0,0
Carroll Shelby,American,9,0,420,0,0,0,0,0
Fritz d'Orey,Brazilian,3,0,103,0,0,0,0,0
Azdrubal Fontes,Uruguayan,1,0,0,0,0,0,0,0
Peter Ashdown,British,1,0,69,0,0,0,0,0
Bill Moss,British,1,0,0,0,0,0,0,0
Dennis Taylor,British,1,0,0,0,0,0,0,0
Harry Blanchard,American,1,0,38,0,0,0,0,0
Alessandro de Tomaso,Argentine-Italian,2,0,104,0,0,0,0,0
George Constantine,American,1,0,5,0,0,0,0,0
Bob Said,American,1,0,0,0,0,0,0,0
Phil Cade,American,1,0,0,0,0,0,0,0
Paco Godia,Spanish,14,6,582,0,0,0,0,0
Ken Kavanagh,Australian,1,0,0,0,0,0,0,0
Gerino Gerini,Italian,7,1.5,275,0,0,0,0,0
Bruce Kessler,American,1,0,0,0,0,0,0,0
Paul Emery,British,2,0,12,0,0,0,0,0
Luigi Piotti,Italian,9,0,197,0,0,0,0,0
Bernie Ecclestone,British,1,0,0,0,0,0,0,0
Luigi Taramazzo,Italian,1,0,0,0,0,0,0,0
Jimmy Reece,American,6,0,986,0,0,0,0,0
Johnnie Tolan,American,3,0,511,0,0,0,0,0
Billy Garrett,American,2,0,274,0,0,0,0,0
Ed Elisian,American,5,0,457,0,0,0,0,0
Pat O'Connor,American,5,0,768,0,0,1,0,0
Jerry Unser,American,1,0,0,0,0,0,0,0
Art Bisch,American,1,0,0,0,0,0,0,0
Christian Goethals,Belgian,1,0,4,0,0,0,0,0
Dick Gibson,British,2,0,5,0,0,0,0,0
Robert La Caze,French,1,0,48,0,0,0,0,0
André Guelfi,French,1,0,48,0,0,0,0,0
François Picard,French,1,0,31,0,0,0,0,0
Tom Bridger,British,1,0,30,0,0,0,0,0
André Simon,French,12,0,461,0,0,0,0,0
Les Leston,British,3,0,50,0,0,0,0,0
Andy Linden,American,11,5,1527,0,0,0,0,0
Marshall Teague,American,4,0,733,0,0,0,0,0
Don Edmunds,American,1,0,170,0,0,0,0,0
Fred Agabashian,American,8,1.5,986,0,0,1,0,0
Elmer George,American,1,0,0,0,0,0,0,0
Mike MacDowel,British,1,0,68,0,0,0,0,0
Herbert MacKay-Fraser,American,1,0,24,0,0,0,0,0
Bob Gerard,British,7,0,553,0,0,0,0,0
Paul England,Australian,1,0,4,0,0,0,0,0
Chico Landi,Brazilian,6,1.5,323,0,0,0,0,0
Alberto Uria,Uruguayan,2,0,110,0,0,0,0,0
Hernando da Silva Ramos,Brazilian,8,2,405,0,0,0,0,0
Élie Bayol,French,7,2,278,0,0,0,0,0
Cliff Griffith,American,3,0,429,0,0,0,0,0
Duke Dinsmore,American,4,0,451,0,0,0,0,0
Keith Andrews,American,2,0,214,0,0,0,0,0
Piero Scotti,Italian,1,0,10,0,0,0,0,0
Colin Chapman,British,1,0,0,0,0,0,0,0
Desmond Titterington,British,1,0,74,0,0,0,0,0
Archie Scott Brown,British,1,0,16,0,0,0,0,0
Ottorino Volonterio,Swiss,3,0,145,0,0,0,0,0
André Milhoux,Belgian,1,0,15,0,0,0,0,0
Toulo de Graffenried,Swiss,23,9,963,0,0,0,0,0
Roberto Mieres,Argentine,17,13,820,0,0,0,0,0
Sergio Mantovani,Italian,9,4,465,0,0,0,0,0
Clemar Bucci,Argentine,5,0,93,0,0,0,0,0
Jesús Iglesias,Argentine,1,0,38,0,0,0,0,0
Pablo Birger,Argentine,2,0,22,0,0,0,0,0
Jacques Pollet,French,5,0,252,0,0,0,0,0
Lance Macklin,British,15,0,479,0,0,0,0,0
Ted Whiteaway,British,1,0,0,0,0,0,0,0
Walt Faulkner,American,5,1,833,0,0,1,0,0
Cal Niday,American,3,0,400,0,0,0,0,0
Jerry Hoyt,American,5,0,602,0,0,1,0,0
Johnny Claes,Belgian,25,0,900,0,0,0,0,0
Peter Walker,British,4,0,110,0,0,0,0,0
Mike Sparken,French,1,0,81,0,0,0,0,0
Ken Wharton,British,16,3,772,0,0,0,0,0
Kenneth McAlpine,British,7,0,248,0,0,0,0,0
Leslie Marr,British,2,0,100,0,0,0,0,0
Tony Rolt,British,3,0,94,0,0,0,0,0
John Fitch,American,2,0,60,0,0,0,0,0
Jean Lucas,French,1,0,7,0,0,0,0,0
Prince Bira,Thai,19,8,904,0,0,0,0,0
Roger Loyer,French,1,0,19,0,0,0,0,0
Jorge Daponte,Argentine,2,0,89,0,0,0,0,0
Larry Crockett,American,1,0,200,0,0,0,0,0
Frank Armi,American,1,0,193,0,0,0,0,0
Travis Webb,American,4,0,558,0,0,0,0,0
Len Duncan,American,1,0,101,0,0,0,0,0
Ernie McCoy,American,2,0,394,0,0,0,0,0
Jacques Swaters,American,7,0,117,0,0,0,0,0
Georges Berger,Belgian,2,0,12,0,0,0,0,0
Don Beauman,British,1,0,84,0,0,0,0,0
Leslie Thorne,British,1,0,78,0,0,0,0,0
Bill Whitehouse,British,1,0,63,0,0,0,0,0
John Riseley-Prichard,British,1,0,40,0,0,0,0,0
Eric Brandon,British,5,0,239,0,0,0,0,0
Alan Brown,British,9,2,458,0,0,0,0,0
Rodney Nuckey,British,2,0,16,0,0,0,0,0
Hermann Lang,German,2,2,72,0,0,0,0,0
Theo Helfrich,German,3,0,25,0,0,0,0,0
Fred Wacker,American,3,0,117,0,0,0,0,0
Giovanni de Riu,Italian,1,0,0,0,0,0,0,0
Oscar Gálvez,Argentine,1,2,96,0,0,0,0,0
John Barber,British,1,0,90,0,0,0,0,0
Adolfo Cruz,Argentine,1,0,20,0,0,0,0,0
Duke Nalon,American,3,0,426,0,0,1,0,0
Carl Scarborough,American,2,0,283,0,0,0,0,0
Bob Scott,American,5,0,611,0,0,0,0,0
Arthur Legat,Belgian,2,0,31,0,0,0,0,0
Yves Cabantous,French,13,5,522,0,0,0,0,0
Tony Crook,British,2,0,75,0,0,0,0,0
Jimmy Stewart,British,1,0,79,0,0,0,0,0
Ian Stewart,British,1,0,24,0,0,0,0,0
Duncan Hamilton,British,5,0,236,0,0,0,0,0
Ernst Klodwig,East German,2,0,29,0,0,0,0,0
Rudolf Krause,East German,2,0,19,0,0,0,0,0
Oswald Karch,German,1,0,10,0,0,0,0,0
Willi Heeks,German,2,0,15,0,0,0,0,0
Theo Fitzau,East German,1,0,3,0,0,0,0,0
Kurt Adolff,German,1,0,3,0,0,0,0,0
Günther Bechem,German,2,0,7,0,0,0,0,0
Erwin Bauer,German,1,0,1,0,0,0,0,0
Hans von Stuck,German,4,0,71,0,0,0,0,0
Ernst Loof,German,1,0,0,0,0,0,0,0
Albert Scherrer,Swiss,1,0,49,0,0,0,0,0
Max de Terra,Swiss,2,0,52,0,0,0,0,0
Peter Hirt,Swiss,5,0,142,0,0,0,0,0
Piero Carini,Italian,3,0,43,0,0,0,0,0
Toni Ulmen,German,2,0,20,0,0,0,0,0
George Abecassis,British,2,0,35,0,0,0,0,0
George Connor,American,3,0,364,0,0,0,0,0
Jim Rigsby,American,1,0,200,0,0,0,0,0
Joe James,American,2,0,208,0,0,0,0,0
Bill Schindler,American,3,0,440,0,0,0,0,0
George Fonder,American,3,0,491,0,0,0,0,0
Henry Banks,American,3,0,496,0,0,0,0,0
Johnny McDowell,American,3,0,325,0,0,0,0,0
Chet Miller,American,2,0,97,0,0,0,0,0
Bobby Ball,American,2,2,234,0,0,0,0,0
Charles de Tornaco,Belgian,3,0,52,0,0,0,0,0
Roger Laurent,Belgian,2,0,48,0,0,0,0,0
Robert O'Brien,American,1,0,30,0,0,0,0,0
Tony Gaze,Australian,4,0,55,0,0,0,0,0
Robin Montgomerie-Charrington,British,1,0,17,0,0,0,0,0
Franco Comotti,Italian,2,0,78,0,0,0,0,0
Philippe Étancelin,French,12,3,490,0,0,0,0,0
Dennis Poore,British,2,3,157,0,0,0,0,0
Eric Thompson,British,1,2,82,0,0,0,0,0
Ken Downing,British,2,0,109,0,0,0,0,0
Graham Whitehead,British,1,0,80,0,0,0,0,0
Gino Bianco,Brazilian,4,0,127,0,0,0,0,0
David Murray,British,4,0,159,0,0,0,0,0
Eitel Cantoni,Uruguayan,3,0,79,0,0,0,0,0
Bill Aston,British,3,0,2,0,0,0,0,0
Adolf Brudes,German,1,0,5,0,0,0,0,0
Fritz Riess,German,1,0,16,0,0,0,0,0
Helmut Niedermayr,German,1,0,15,0,0,0,0,0
Hans Klenk,German,1,0,14,0,0,0,0,0
Marcel Balsa,French,1,0,5,0,0,0,0,0
Rudolf Schoeller,Swiss,1,0,3,0,0,0,0,0
Paul Pietsch,German,3,0,12,0,0,0,0,0
Josef Peters,German,1,0,1,0,0,0,0,0
Dries van der Lof,Dutch,1,0,70,0,0,0,0,0
Jan Flinterman,Dutch,2,0,90,0,0,0,0,0
Piero Dusio,Italian,1,0,0,0,0,0,0,0
Alberto Crespo,Argentine,1,0,0,0,0,0,0,0
Franco Rol,Italian,5,0,136,0,0,0,0,0
Consalvo Sanesi,Italian,5,3,205,0,0,0,0,0
Guy Mairesse,French,3,0,139,0,0,0,0,0
Henri Louveau,French,2,0,46,0,0,0,0,0
Carl Forberg,American,1,0,193,0,0,0,0,0
Bill Mackey,American,1,0,97,0,0,0,0,0
Cecil Green,American,2,3,217,0,0,0,0,0
Walt Brown,American,2,0,182,0,0,0,0,0
Mack Hellings,American,2,0,150,0,0,0,0,0
Pierre Levegh,French,6,0,157,0,0,0,0,0
Eugène Chaboud,French,3,1,150,0,0,0,0,0
Aldo Gordini,French,1,0,27,0,0,0,0,0
Joe Kelly,Irish,2,0,132,0,0,0,0,0
Philip Fotheringham-Parker,British,1,0,46,0,0,0,0,0
Brian Shawe Taylor,British,2,0,148,0,0,0,0,0
John James,British,1,0,23,0,0,0,0,0
Toni Branca,Swiss,3,0,67,0,0,0,0,0
Ken Richardson,British,1,0,0,0,0,0,0,0
Juan Jover,Spanish,1,0,0,0,0,0,0,0
Georges Grignard,French,1,0,23,0,0,0,0,0
David Hampshire,British,2,0,69,0,0,0,0,0
Geoff Crossley,British,2,0,73,0,0,0,0,0
Cuth Harrison,British,3,0,118,0,0,0,0,0
Joe Fry,British,1,0,64,0,0,0,0,0
Eugene Martin,French,2,0,27,0,0,0,0,0
Leslie Johnson,British,1,0,2,0,0,0,0,0
Clemente Biondetti,Italian,1,0,17,0,0,0,0,0
Alfredo Pián,Argentine,1,0,0,0,0,0,0,0
Raymond Sommer,French,5,3,188,0,0,0,0,0
Joie Chitwood,American,1,1,136,0,0,0,0,0
Myron Fohr,American,1,0,133,0,0,0,0,0
Walt Ader,American,1,0,123,0,0,0,0,0
Jackie Holmes,American,2,0,289,0,0,0,0,0
Bayliss Levrett,American,1,0,108,0,0,0,0,0
Jimmy Jackson,American,2,0,248,0,0,0,0,0
Nello Pagani,Italian,1,0,39,0,0,0,0,0
Charles Pozzi,French,1,0,56,0,0,0,0,0
Bill Cantrell,American,1,0,108,0,0,0,0,0
Johnny Mantz,American,1,0,176,0,0,0,0,0
Danny Kladis,American,1,0,104,0,0,0,0,0
Óscar González,Uruguayan,1,0,88,0,0,0,0,0
Nico Hülkenberg,German,182,521,9221,0,0,1,2,0
Lucas di Grassi,Brazilian,19,0,769,0,0,0,0,0
Bruno Senna,Brazilian,46,33,2199,0,0,0,1,0
Karun Chandhok,Indian,11,0,535,0,0,0,0,0
Paul di Resta,British,59,121,3284,0,0,0,0,0
Jérôme d'Ambrosio,Belgian,20,0,1043,0,0,0,0,0
Jean-Éric Vergne,French,58,51,2993,0,0,0,0,0
Charles Pic,French,39,0,2031,0,0,0,0,0
Max Chilton,British,35,0,1872,0,0,0,0,0
Esteban Gutierrez,Mexican,59,6,3054,0,0,0,1,0
Giedo van der Garde,Dutch,19,0,931,0,0,0,0,0
Jules Bianchi,French,34,2,1752,0,0,0,0,0
André Lotterer,German,1,0,1,0,0,0,0,0
Marcus Ericsson,Swedish,97,18,4900,0,0,0,0,0
Will Stevens,British,19,0,926,0,0,0,0,0
Felipe Nasr,Brazilian,40,29,2224,0,0,0,0,0
Roberto Merhi,Spanish,13,0,737,0,0,0,0,0
Alexander Rossi,American,5,0,302,0,0,0,0,0
Jolyon Palmer,British,37,9,1682,0,0,0,0,0
Pascal Wehrlein,German,39,6,1996,0,0,0,0,0
Rio Haryanto,Indonesian,12,0,611,0,0,0,0,0
Stoffel Vandoorne,Belgian,42,26,2207,0,0,0,0,0
Antonio Giovinazzi,Italian,51,19,2849,0,0,0,0,0
Brendon Hartley,New Zealander,25,4,1178,0,0,0,0,0
Sergey Sirotkin,Russian,21,1,1118,0,0,0,0,0
George Russell,British,49,7,2711,0,0,0,1,0
Nicholas Latifi,Canadian,28,6,1534,0,0,0,0,0
Pietro Fittipaldi,Brazilian,2,0,140,0,0,0,0,0
Jack Aitken,British,1,0,87,0,0,0,0,0
Yuki Tsunoda,Japanese,11,18,632,0,0,0,1,0
Nikita Mazepin,Russian,11,0,558,0,0,0,0,0
Mick Schumacher,German,11,0,680,0,0,0,0,0